City_ID,City,Country,Lat,Lng,Max Temp,Humidity,Cloudiness,Wind Speed,Current Description
0,Torbay,CA,47.6666,-52.7314,33.76,94,100,19.57,mist
1,Yola,NG,9.2,12.4833,85.08,48,94,2.55,overcast clouds
2,Tagusao,PH,9.1924,117.8141,82.22,75,100,6.53,overcast clouds
3,Cape Town,ZA,-33.9258,18.4232,64.11,86,0,18.41,clear sky
4,Burns Lake,CA,54.2331,-125.7533,31.42,42,100,6.11,overcast clouds
5,Aykhal,RU,66.0,111.5,21.07,93,89,15.9,overcast clouds
6,Abaza,RU,52.655,90.0928,28.44,64,2,3.67,clear sky
7,Busselton,AU,-33.65,115.3333,61.16,65,0,8.41,clear sky
8,Binga,ZW,-17.6203,27.3414,70.92,75,59,2.68,broken clouds
9,Hermanus,ZA,-34.4187,19.2345,63.81,87,100,8.32,overcast clouds
10,Tiksi,RU,71.6872,128.8694,-0.81,96,100,6.44,overcast clouds
11,Aurillac,FR,44.9167,2.45,45.01,87,97,4.61,overcast clouds
12,Rikitea,PF,-23.1203,-134.9692,77.85,71,12,18.34,light rain
13,Hilo,US,19.7297,-155.09,87.28,84,100,5.75,light rain
14,Kruisfontein,ZA,-34.0033,24.7314,57.88,83,24,7.96,few clouds
15,Ostrovnoy,RU,68.0531,39.5131,10.18,97,82,7.09,broken clouds
16,Noumea,NC,-22.2763,166.4572,84.18,99,25,8.1,scattered clouds
17,Birao,CF,10.2849,22.7882,79.3,49,56,3.15,broken clouds
18,Qaanaaq,GL,77.484,-69.3632,-2.07,93,100,5.99,overcast clouds
19,Yellowknife,CA,62.456,-114.3525,14.29,63,0,9.22,clear sky
20,Upernavik,GL,72.7868,-56.1549,-8.0,99,94,7.61,overcast clouds
21,Rocha,UY,-34.4833,-54.3333,50.0,78,0,5.19,clear sky
22,Macheng,CN,31.1783,115.0319,59.61,60,80,5.14,broken clouds
23,Pevek,RU,69.7008,170.3133,6.96,83,100,4.34,overcast clouds
24,Mizan Teferi,ET,6.9833,35.5833,62.38,78,44,3.8,light rain
25,Carnarvon,AU,-24.8667,113.6333,69.87,64,0,14.97,clear sky
26,Punta Arenas,CL,-53.15,-70.9167,50.11,87,20,19.57,few clouds
27,Vaini,TO,-21.2,-175.2,84.36,89,20,9.22,few clouds
28,Mount Isa,AU,-20.7333,139.5,89.37,25,11,10.36,few clouds
29,Sembe,CG,1.6481,14.5806,70.38,99,100,3.29,overcast clouds
30,Sorland,NO,67.667,12.6934,38.57,72,15,9.89,few clouds
31,Mataura,NZ,-46.1927,168.8643,61.48,53,21,4.68,few clouds
32,Hay River,CA,60.8156,-115.7999,12.18,62,0,11.5,clear sky
33,Vila Velha,BR,-20.3297,-40.2925,82.35,87,0,6.91,clear sky
34,Port Alfred,ZA,-33.5906,26.891,62.19,93,94,3.0,overcast clouds
35,Djambala,CG,-2.5447,14.7533,69.15,91,100,3.33,overcast clouds
36,Hobart,AU,-42.8794,147.3294,62.26,66,0,9.22,clear sky
37,Nikolskoye,RU,59.7035,30.7861,35.8,94,89,2.35,overcast clouds
38,Esperance,AU,-33.8667,121.9,62.44,76,97,15.77,overcast clouds
39,Mumford,GH,5.2618,-0.759,80.49,83,99,10.96,overcast clouds
40,Dikson,RU,73.5069,80.5464,19.51,96,100,9.19,overcast clouds
41,Bengkulu,ID,-3.8004,102.2655,79.43,79,52,2.48,broken clouds
42,Puerto Ayora,EC,-0.7393,-90.3518,76.89,88,99,6.82,overcast clouds
43,Mayo,US,38.8876,-76.5119,80.76,64,0,10.36,clear sky
44,Talnakh,RU,69.4865,88.3972,29.21,96,100,5.66,light snow
45,Sibolga,ID,1.7427,98.7792,80.53,78,98,1.36,overcast clouds
46,Flinders,AU,-34.5833,150.8552,72.37,75,0,5.01,clear sky
47,Naze,JP,28.3667,129.4833,72.52,84,96,7.96,overcast clouds
48,Albany,US,42.6001,-73.9662,65.91,73,77,3.78,broken clouds
49,Caravelas,BR,-17.7125,-39.2481,76.12,87,47,5.82,scattered clouds
50,Port Hardy,CA,50.6996,-127.4199,48.38,53,75,12.66,broken clouds
51,Sao Joao Da Barra,BR,-21.6403,-41.0511,77.68,89,100,6.76,overcast clouds
52,Mahebourg,MU,-20.4081,57.7,79.25,88,75,11.5,broken clouds
53,Oussouye,SN,12.485,-16.5469,69.98,77,100,11.01,overcast clouds
54,Narsaq,GL,60.9167,-46.05,48.42,60,100,6.51,overcast clouds
55,Gawler,AU,-34.6,138.7333,77.09,26,100,5.84,overcast clouds
56,Tadine,NC,-21.55,167.8833,79.97,65,20,5.84,few clouds
57,Harper,LR,4.375,-7.7169,78.04,85,100,7.81,overcast clouds
58,Half Moon Bay,US,37.4636,-122.4286,61.03,60,0,18.41,clear sky
59,Algeciras,ES,36.1333,-5.4505,55.15,91,7,9.33,clear sky
60,Dicabisagan,PH,17.0818,122.4157,83.03,66,33,2.39,scattered clouds
61,Faanui,PF,-16.4833,-151.75,81.41,73,17,14.03,few clouds
62,Severo-Kurilsk,RU,50.6789,156.125,30.45,78,96,26.64,light snow
63,Ribeira Grande,PT,38.5167,-28.7,59.52,59,0,14.16,clear sky
64,Saint-Augustin,CA,51.226,-58.6502,30.94,94,100,3.94,overcast clouds
65,Coruripe,BR,-10.1256,-36.1756,77.56,85,10,8.37,clear sky
66,Tambopata,PE,-12.7333,-69.1833,73.98,97,84,0.56,broken clouds
67,Kapaa,US,22.0752,-159.319,84.18,74,75,12.66,broken clouds
68,Acarau,BR,-2.8856,-40.12,78.01,86,76,7.27,broken clouds
69,Manaure,CO,11.7751,-72.4445,79.77,74,9,20.98,clear sky
70,Saint George,US,37.1041,-113.5841,63.63,8,0,20.71,clear sky
71,Grants Pass,US,42.439,-123.3284,45.81,87,40,3.44,haze
72,Pisco,PE,-13.7,-76.2167,66.02,82,0,13.8,clear sky
73,Sur,OM,22.5667,59.5289,85.05,32,7,5.75,clear sky
74,Vardo,NO,70.3705,31.1107,29.79,81,86,7.92,overcast clouds
75,Loandjili,CG,-4.7561,11.8578,77.18,90,37,1.72,scattered clouds
76,Fort Nelson,CA,58.8053,-122.7002,27.99,24,20,4.61,few clouds
77,Cam Ranh,VN,11.9214,109.1591,78.76,78,20,3.44,few clouds
78,Vostok,RU,46.4856,135.8833,36.84,52,99,6.93,overcast clouds
79,Airai,TL,-8.9266,125.4092,71.87,65,100,0.74,overcast clouds
80,Bousso,TD,10.4795,16.7117,89.33,36,99,3.13,overcast clouds
81,Khatanga,RU,71.9667,102.5,6.51,93,100,7.78,overcast clouds
82,Lagoa,PT,39.05,-27.9833,58.28,64,0,19.26,clear sky
83,Cururupu,BR,-1.8283,-44.8683,74.61,96,100,2.44,overcast clouds
84,Palembang,ID,-2.9167,104.7458,77.09,94,40,2.3,mist
85,Klaksvik,FO,62.2266,-6.589,43.72,86,34,17.67,scattered clouds
86,Lebu,CL,-37.6167,-73.65,52.21,89,0,16.28,clear sky
87,Ushuaia,AR,-54.8,-68.3,53.26,58,40,29.93,scattered clouds
88,De Panne,BE,51.0792,2.5917,50.05,92,0,4.61,clear sky
89,Oranjemund,NA,-28.55,16.4333,57.74,90,100,4.34,overcast clouds
90,Hamilton,US,39.1834,-84.5333,67.23,87,75,10.36,broken clouds
91,Marawi,PH,7.9986,124.2928,76.59,70,100,2.21,overcast clouds
92,Jurm,AF,36.8648,70.8342,55.67,68,100,1.01,overcast clouds
93,Aklavik,CA,68.2191,-135.0107,8.1,75,1,10.16,clear sky
94,San Patricio,US,28.017,-97.5169,92.12,82,0,11.77,clear sky
95,Gopalpur,IN,19.2667,84.9167,81.63,77,5,17.02,clear sky
96,Fortuna Foothills,US,32.6578,-114.4119,77.22,8,0,10.36,clear sky
97,Anadyr,RU,64.75,177.4833,27.1,92,75,31.32,broken clouds
98,Rengo,CL,-34.4167,-70.8667,63.73,21,0,3.04,clear sky
99,Pangnirtung,CA,66.1451,-65.7125,-6.95,97,82,5.79,broken clouds
100,Coronel Bogado,PY,-27.1833,-56.3,70.29,75,1,10.04,clear sky
101,New Norfolk,AU,-42.7826,147.0587,61.92,55,100,3.6,overcast clouds
102,Iqaluit,CA,63.7506,-68.5145,-0.67,78,20,17.27,few clouds
103,Bredasdorp,ZA,-34.5322,20.0403,62.71,84,100,4.54,overcast clouds
104,Saldanha,ZA,-33.0117,17.9442,62.65,89,100,19.77,overcast clouds
105,Umba,RU,66.6871,34.3429,24.15,94,100,2.21,overcast clouds
106,Sao Filipe,CV,14.8961,-24.4956,71.38,76,75,5.46,broken clouds
107,Jamestown,US,42.097,-79.2353,66.18,62,40,5.75,scattered clouds
108,Matara,LK,5.9485,80.5353,77.95,88,97,3.91,overcast clouds
109,Chimoio,MZ,-19.1164,33.4833,65.59,97,36,2.75,scattered clouds
110,Orthez,FR,43.4884,-0.7724,59.77,96,100,1.63,overcast clouds
111,Antalaha,MG,-14.9003,50.2788,73.15,87,5,6.6,clear sky
112,Sao Paulo Do Potengi,BR,-5.895,-35.7628,80.71,91,41,1.34,scattered clouds
113,Kaitangata,NZ,-46.2817,169.8464,61.54,54,17,6.82,few clouds
114,Arlit,NE,18.7369,7.3853,84.85,9,0,4.72,clear sky
115,Hofn,IS,64.2539,-15.2082,39.96,90,100,13.11,overcast clouds
116,Silvan,TR,38.1419,41.0081,30.49,49,0,1.34,clear sky
117,Svetlyy,RU,54.675,20.1347,43.97,68,100,9.22,overcast clouds
118,Santa Maria,BR,-29.6842,-53.8069,63.7,88,75,3.44,broken clouds
119,Pyshma,RU,56.9523,63.2513,39.24,94,99,5.64,overcast clouds
120,Bambous Virieux,MU,-20.3428,57.7575,79.21,88,75,11.5,light rain
121,Hasaki,JP,35.7333,140.8333,54.28,86,100,26.08,overcast clouds
122,Santa Vitoria Do Palmar,BR,-33.5189,-53.3681,55.53,71,0,7.56,clear sky
123,Valdivia,CL,-39.8142,-73.2459,47.88,91,0,3.27,clear sky
124,Saint-Philippe,RE,-21.3585,55.7679,74.79,89,52,14.0,light rain
125,Bethel,US,41.3712,-73.414,66.29,72,0,4.61,clear sky
126,Port Elizabeth,ZA,-33.918,25.5701,63.32,94,0,16.11,clear sky
127,Tongren,CN,27.7172,109.1853,61.39,77,94,3.11,overcast clouds
128,Bluff,NZ,-46.6,168.3333,61.81,77,79,19.35,broken clouds
129,Sola,VU,-13.8833,167.55,84.87,74,75,0.0,broken clouds
130,Tommot,RU,58.9564,126.2925,33.12,76,100,11.05,overcast clouds
131,Arraial Do Cabo,BR,-22.9661,-42.0278,76.96,90,90,7.7,overcast clouds
132,Durban,ZA,-29.8579,31.0292,69.03,87,0,1.99,clear sky
133,Katsuura,JP,35.1333,140.3,57.22,88,100,23.02,overcast clouds
134,Longyearbyen,SJ,78.2186,15.6401,17.44,67,75,3.44,broken clouds
135,Avarua,CK,-21.2078,-159.775,84.25,74,20,5.75,few clouds
136,Georgetown,MY,5.4112,100.3354,80.53,93,20,3.44,few clouds
137,Barrow,US,71.2906,-156.7887,-0.38,78,0,9.22,clear sky
138,La Asuncion,VE,11.0333,-63.8628,67.73,100,6,14.97,clear sky
139,Milkovo,RU,54.7167,158.6167,30.61,78,100,1.88,overcast clouds
140,Biltine,TD,14.5333,20.9167,85.03,10,0,15.5,clear sky
141,Saint-Joseph,RE,-21.3667,55.6167,73.78,87,38,13.8,light rain
142,Samarai,PG,-10.6167,150.6667,84.79,72,11,12.46,few clouds
143,El Jicaro,GT,14.9167,-89.9,90.93,67,47,3.69,scattered clouds
144,Bodden Town,KY,19.2833,-81.25,82.4,74,20,9.22,few clouds
145,Mariental,NA,-24.6333,17.9667,67.42,21,0,6.35,clear sky
146,Madang,PG,-5.2246,145.7966,79.57,85,100,0.67,overcast clouds
147,Souillac,MU,-20.5167,57.5167,77.38,88,75,11.5,broken clouds
148,Melo,UY,-32.3667,-54.1833,52.41,57,0,8.08,clear sky
149,Kirkland Lake,CA,48.1446,-80.0377,37.69,87,100,9.48,light rain
150,Mangan,IN,27.5167,88.5333,71.24,74,66,2.17,broken clouds
151,Husavik,IS,66.0449,-17.3389,33.6,83,50,15.5,scattered clouds
152,Boituva,BR,-23.2833,-47.6722,66.61,94,100,2.93,overcast clouds
153,Kargasok,RU,59.0556,80.8572,31.05,96,22,5.12,few clouds
154,Isetskoye,RU,56.4858,65.3226,42.78,88,89,8.81,overcast clouds
155,Ondjiva,AO,-17.0667,15.7333,65.35,89,100,5.28,light rain
156,Poltavka,RU,54.3663,71.7632,42.08,76,28,9.53,scattered clouds
157,Ballina,AU,-28.8667,153.5667,69.78,88,40,14.97,scattered clouds
158,Fortuna,US,40.5982,-124.1573,47.93,88,75,23.02,light rain
159,Isangel,VU,-19.55,169.2667,87.91,70,75,6.91,broken clouds
160,Ulladulla,AU,-35.35,150.4667,68.9,61,0,5.26,clear sky
161,Tuktoyaktuk,CA,69.4541,-133.0374,1.4,71,75,14.97,broken clouds
162,Charters Towers,AU,-20.1,146.2667,83.82,40,10,16.33,clear sky
163,Bontang,ID,0.1333,117.5,80.44,71,100,5.3,overcast clouds
164,Sale,MA,34.0389,-6.8166,55.74,100,40,0.0,scattered clouds
165,Provideniya,RU,64.3833,-173.3,28.51,93,100,20.13,light snow
166,Hamadan,IR,34.7992,48.5146,52.68,16,0,2.3,clear sky
167,Thompson,CA,55.7435,-97.8558,23.16,63,75,23.02,broken clouds
168,Lavrentiya,RU,65.5833,-171.0,26.76,85,100,13.42,overcast clouds
169,Castro,BR,-24.7911,-50.0119,61.56,97,11,0.47,few clouds
170,Byron Bay,AU,-28.65,153.6167,69.71,70,99,12.95,overcast clouds
171,Marshall,US,34.3834,-86.3333,75.51,59,0,10.36,clear sky
172,Boralday,KZ,43.3578,76.8594,49.86,71,75,2.24,broken clouds
173,Tura,IN,25.5198,90.2201,74.44,93,79,9.82,broken clouds
174,Pochutla,MX,15.7432,-96.4661,82.81,67,99,7.09,overcast clouds
175,Ishigaki,JP,24.3448,124.1572,77.13,88,75,3.44,broken clouds
176,Atuona,PF,-9.8,-139.0333,78.98,78,69,18.3,light rain
177,Sechura,PE,-5.5569,-80.8222,70.77,71,100,17.31,overcast clouds
178,Guerrero Negro,MX,27.9769,-114.0611,63.28,58,56,20.62,broken clouds
179,Alghero,IT,40.5589,8.3181,53.69,82,0,10.36,clear sky
180,Norheimsund,NO,60.3709,6.1456,43.21,97,100,5.03,overcast clouds
181,Kavaratti,IN,10.5669,72.642,80.58,82,100,21.36,overcast clouds
182,Domoni,KM,-12.2569,44.5319,78.98,80,68,3.65,broken clouds
183,Lukulu,ZM,-14.3707,23.242,66.22,79,100,5.1,overcast clouds
184,Mandalgovi,MN,45.7625,106.2708,30.13,42,100,16.55,overcast clouds
185,Luderitz,NA,-26.6481,15.1594,60.42,83,6,10.09,clear sky
186,Irara,BR,-12.05,-38.7667,71.06,82,15,6.4,light rain
187,Atambua,ID,-9.1061,124.8925,81.1,68,100,1.43,overcast clouds
188,Tahoua,NE,14.8888,5.2692,90.14,21,46,9.08,scattered clouds
189,Taoudenni,ML,22.6783,-3.9836,80.08,14,0,10.42,clear sky
190,Russell,US,32.3502,-85.1999,74.8,67,20,11.5,few clouds
191,Kloulklubed,PW,7.0419,134.2556,81.1,80,100,17.07,light rain
192,Puerto Narino,CO,-3.7703,-70.3831,75.15,96,100,1.3,light rain
193,Saskylakh,RU,71.9167,114.0833,1.06,95,100,9.95,overcast clouds
194,Tera,NE,14.0078,0.7531,93.49,27,100,10.54,overcast clouds
195,Horia,RO,45.0167,28.45,49.23,56,100,13.98,overcast clouds
196,Serebryansk,KZ,49.6925,83.2892,32.95,76,0,3.44,clear sky
197,Geraldton,AU,-28.7667,114.6,66.61,77,0,11.5,clear sky
198,Yeppoon,AU,-23.1333,150.7333,78.58,71,26,14.12,scattered clouds
199,Kirakira,SB,-10.4544,161.9205,86.2,67,25,8.75,scattered clouds
200,Ende,ID,-8.8432,121.6623,81.81,81,98,0.18,overcast clouds
201,Nombre De Dios,MX,23.85,-104.2333,75.81,8,53,13.49,broken clouds
202,Sao Jose Da Coroa Grande,BR,-8.8978,-35.1478,78.3,79,25,6.29,scattered clouds
203,Hithadhoo,MV,-0.6,73.0833,83.75,73,100,9.8,overcast clouds
204,Inirida,CO,3.8653,-67.9239,77.23,89,100,2.84,overcast clouds
205,Shu,KZ,43.5983,73.7614,54.97,55,100,3.83,overcast clouds
206,Juneau,US,58.3019,-134.4197,42.8,25,20,11.5,few clouds
207,Vrangel,RU,42.7297,133.0839,42.66,65,100,5.12,overcast clouds
208,Tupelo,US,34.2576,-88.7034,73.69,78,100,6.91,thunderstorm with rain
209,Tuatapere,NZ,-46.1333,167.6833,61.0,56,61,2.01,broken clouds
210,Grand Gaube,MU,-20.0064,57.6608,79.38,83,29,8.99,scattered clouds
211,Dneprovskaya,RU,45.6236,38.8081,41.85,91,100,28.48,light rain
212,Semey,KZ,50.4111,80.2275,32.22,86,0,6.71,clear sky
213,Solenzo,BF,12.1833,-4.0833,90.95,20,99,7.18,overcast clouds
214,Mar Del Plata,AR,-38.0023,-57.5575,57.87,82,0,5.01,clear sky
215,Norman Wells,CA,65.282,-126.8329,26.64,50,100,21.85,overcast clouds
216,Leh,IN,34.1667,77.5833,31.59,82,81,3.42,broken clouds
217,Darnah,LY,32.767,22.6367,57.33,74,100,12.28,overcast clouds
218,Sioux Lookout,CA,50.1001,-91.917,30.27,93,100,6.91,snow
219,Kibala,TD,9.1104,18.3463,82.35,69,0,6.91,clear sky
220,Zhanaozen,KZ,43.3,52.8,49.05,61,0,12.01,clear sky
221,Parry Sound,CA,45.3501,-80.033,51.85,87,100,10.85,overcast clouds
222,Porto Novo,BJ,6.4965,2.6036,80.28,82,100,7.2,overcast clouds
223,Chokurdakh,RU,70.6333,147.9167,2.89,87,6,3.96,clear sky
224,Evensk,RU,61.95,159.2333,26.8,86,100,9.93,overcast clouds
225,Baykit,RU,61.67,96.37,36.03,88,100,11.7,overcast clouds
226,Sao Miguel Do Araguaia,BR,-13.275,-50.1628,77.86,73,52,3.91,broken clouds
227,Nanortalik,GL,60.1432,-45.2371,35.06,83,100,2.62,overcast clouds
228,Gweru,ZW,-19.45,29.8167,60.26,83,34,4.14,scattered clouds
229,Calvia,ES,39.5657,2.5062,58.91,73,100,16.91,overcast clouds
230,Ukiah,US,39.1502,-123.2078,53.44,76,100,11.5,overcast clouds
231,Palmer,US,42.1584,-72.3287,66.81,55,75,9.22,broken clouds
232,Fare,PF,-16.7,-151.0167,81.03,75,51,16.46,moderate rain
233,Coquimbo,CL,-29.9533,-71.3436,59.86,79,2,2.24,clear sky
234,Lata,PT,40.1629,-8.3327,49.12,98,100,2.04,overcast clouds
235,Fredericksburg,US,38.3032,-77.4605,82.35,44,0,10.36,clear sky
236,Mogadishu,SO,2.0371,45.3438,81.88,77,50,8.43,scattered clouds
237,Asau,RO,46.4333,26.4,49.28,69,96,4.52,overcast clouds
238,Karratha,AU,-20.7377,116.8463,88.09,27,0,3.74,clear sky
239,Butaritari,KI,3.0707,172.7902,81.73,76,21,16.04,light rain
240,Mbuji-Mayi,CD,-6.15,23.6,72.72,80,100,2.19,overcast clouds
241,Bud,US,39.447,-86.1758,62.87,97,100,20.42,moderate rain
242,Hervey Bay,AU,-25.2986,152.8535,74.01,77,22,8.99,few clouds
243,Zyryanka,RU,65.75,150.85,11.86,85,100,12.01,overcast clouds
244,Partizanskoye,RU,55.5006,94.39,32.32,59,11,4.76,few clouds
245,Ponta Do Sol,PT,32.6667,-17.1,63.72,83,99,2.91,overcast clouds
246,Vao,NC,-22.6667,167.4833,75.88,70,10,4.81,clear sky
247,Pangoa,PE,-12.1167,-73.0,71.47,95,100,1.57,overcast clouds
248,Poum,NC,-20.2333,164.0167,78.51,70,6,6.17,clear sky
249,Bathsheba,BB,13.2167,-59.5167,77.61,69,20,14.97,few clouds
250,Anshun,CN,26.25,105.9333,59.58,82,100,8.63,overcast clouds
251,Buala,SB,-8.145,159.5921,85.35,68,33,8.66,light rain
252,Port Macquarie,AU,-31.4333,152.9167,71.89,66,2,8.5,clear sky
253,Belokurikha,RU,51.9959,84.9896,36.9,68,0,5.1,clear sky
254,Slave Lake,CA,55.2834,-114.769,26.58,39,0,5.75,clear sky
255,Port Augusta,AU,-32.5,137.7667,79.02,21,100,3.13,overcast clouds
256,Saquarema,BR,-22.92,-42.5103,76.14,90,94,7.09,overcast clouds
257,Andra,RU,62.5147,65.8878,33.55,99,100,8.84,overcast clouds
258,Chuy,UY,-33.6971,-53.4616,54.99,72,0,7.85,clear sky
259,Bonavista,CA,48.6499,-53.1147,31.64,86,100,28.61,overcast clouds
260,Itaituba,BR,-4.2761,-55.9836,80.76,89,20,0.0,few clouds
261,Aleksandrov Gay,RU,50.147,48.5704,41.56,83,84,11.03,broken clouds
262,Corowa,AU,-36.0333,146.3833,70.41,55,8,5.08,clear sky
263,Benton Harbor,US,42.1167,-86.4542,65.05,88,100,0.0,light rain
264,Bilibino,RU,68.0546,166.4372,24.93,75,100,4.5,overcast clouds
265,Tilichiki,RU,60.4667,166.1,22.08,84,100,9.66,overcast clouds
266,Salalah,OM,17.0151,54.0924,80.69,69,40,2.3,scattered clouds
267,Presidente Medici,BR,-11.1753,-61.9014,74.64,94,47,1.05,scattered clouds
268,Stornoway,GB,58.2093,-6.3865,44.04,93,100,1.14,overcast clouds
269,Port Blair,IN,11.6667,92.75,78.84,94,20,2.3,few clouds
270,Kodiak,US,57.79,-152.4072,45.91,46,0,12.66,clear sky
271,Klos,AL,41.5072,20.0851,41.95,83,16,1.95,few clouds
272,Bahir Dar,ET,11.5936,37.3908,66.9,65,52,1.72,light rain
273,Azangaro,PE,-14.9167,-70.2167,42.69,42,19,2.46,few clouds
274,Bastia,FR,42.6667,9.3333,53.29,60,0,5.75,clear sky
275,Ibra,OM,22.6906,58.5334,76.24,22,10,2.46,clear sky
276,Songkhla,TH,6.8333,100.6667,81.84,89,97,3.78,overcast clouds
277,Lompoc,US,34.6391,-120.4579,63.7,59,0,25.99,clear sky
278,Itapaci,BR,-14.9508,-49.5494,74.71,73,76,2.77,broken clouds
279,Coihaique,CL,-45.5752,-72.0662,50.61,76,20,4.61,few clouds
280,Broken Hill,AU,-31.95,141.4333,69.51,35,66,16.11,broken clouds
281,Grand-Lahou,CI,5.1367,-5.0242,80.65,85,97,10.65,overcast clouds
282,Okhotsk,RU,59.3833,143.3,22.57,66,12,16.93,few clouds
283,Bushenyi,UG,-0.5853,30.2114,60.75,91,100,2.1,overcast clouds
284,Mantua,IT,45.1667,10.7833,52.84,81,66,1.01,broken clouds
285,Kahului,US,20.8947,-156.47,84.22,63,40,18.41,scattered clouds
286,North Platte,US,41.1239,-100.7654,40.12,26,68,20.0,broken clouds
287,Sangar,RU,63.9242,127.4739,22.35,93,100,14.61,light snow
288,Sangre Grande,TT,10.5835,-61.1177,77.18,92,30,9.78,scattered clouds
289,Wattegama,LK,6.7989,81.4808,74.64,89,40,2.33,scattered clouds
290,Rawson,AR,-43.3002,-65.1023,61.12,42,4,6.51,clear sky
291,Changying,CN,52.8733,123.3213,31.17,62,100,5.17,overcast clouds
292,Cidreira,BR,-30.1811,-50.2056,68.14,72,100,7.96,overcast clouds
293,The Pas,CA,53.8251,-101.2541,30.22,51,75,9.22,broken clouds
294,Ilulissat,GL,69.2167,-51.1,21.22,79,40,10.36,scattered clouds
295,Touros,BR,-5.1989,-35.4608,78.85,83,7,8.21,clear sky
296,Prince Rupert,CA,54.3161,-130.3201,42.89,33,0,16.11,clear sky
297,Shirokiy,RU,49.758,129.523,34.43,51,0,13.94,clear sky
298,Bitkine,TD,11.9801,18.2138,89.89,35,99,4.25,overcast clouds
299,Makakilo City,US,21.3469,-158.0858,82.72,51,100,18.41,overcast clouds
300,Merate,IT,45.6987,9.4117,55.09,68,100,1.99,overcast clouds
301,Viedma,AR,-40.8135,-62.9967,53.31,68,0,2.1,clear sky
302,Padang,ID,-0.9492,100.3543,78.85,76,52,1.68,broken clouds
303,Cap Malheureux,MU,-19.9842,57.6142,79.47,83,24,8.99,few clouds
304,Constitucion,CL,-35.3333,-72.4167,55.98,57,0,8.5,clear sky
305,Ziro,IN,27.6333,93.8333,48.94,95,65,0.83,broken clouds
306,Chapais,CA,49.7834,-74.8492,40.78,92,8,6.22,clear sky
307,Kavieng,PG,-2.5744,150.7967,85.62,68,63,11.5,broken clouds
308,Tasiilaq,GL,65.6145,-37.6368,28.56,83,100,6.29,overcast clouds
309,Uvat,RU,59.1433,68.8953,38.57,84,100,9.6,overcast clouds
310,Santa Ines,BR,-3.6667,-45.38,74.57,98,100,3.33,light rain
311,Buraydah,SA,26.326,43.975,77.45,26,100,3.69,overcast clouds
312,Grand-Santi,GF,4.25,-54.3833,72.59,99,67,3.13,broken clouds
313,Aden,YE,12.7794,45.0367,81.63,76,0,8.25,clear sky
314,Kutum,SD,14.2,24.6667,72.5,13,19,11.1,few clouds
315,Lamar,US,33.6668,-95.5836,66.11,34,0,13.8,clear sky
316,Bargur,IN,12.5424,78.3539,75.56,84,94,1.3,overcast clouds
317,Puerto Del Rosario,ES,28.5004,-13.8627,64.15,72,100,18.41,overcast clouds
318,Codrington,AU,-38.2667,141.9667,71.62,36,100,11.21,overcast clouds
319,Camocim,BR,-2.9022,-40.8411,77.32,88,100,6.55,overcast clouds
320,Qui Nhon,VN,13.7667,109.2333,79.57,80,95,1.81,overcast clouds
321,Burpengary,AU,-27.1575,152.9576,77.02,65,41,9.24,scattered clouds
322,Zavyalovo,RU,54.5053,82.4484,33.24,66,3,6.89,clear sky
323,Cordoba,AR,-31.4135,-64.1811,59.76,63,0,6.91,clear sky
324,Tibati,CM,6.4667,12.6333,69.1,92,100,2.39,overcast clouds
325,Rorvik,NO,64.8621,11.2373,38.62,74,6,10.83,clear sky
326,Nemuro,JP,43.3236,145.575,33.55,71,18,6.73,few clouds
327,Pandan,PH,14.0453,124.1694,82.29,75,51,7.38,broken clouds
328,Te Anau,NZ,-45.4167,167.7167,59.54,53,17,0.4,few clouds
329,Bridlington,GB,54.0831,-0.1919,48.15,90,31,9.24,scattered clouds
330,Zhirnov,RU,48.1709,41.1261,40.23,88,95,11.83,overcast clouds
331,Ikryanoye,RU,46.0932,47.7308,46.38,55,100,8.37,overcast clouds
332,Cherskiy,RU,68.75,161.3,10.99,88,100,8.66,overcast clouds
333,Sal Rei,CV,16.1833,-22.9167,68.77,80,8,15.64,clear sky
334,Los Llanos De Aridane,ES,28.6585,-17.9182,60.55,95,75,19.57,broken clouds
335,Luganville,VU,-15.5333,167.1667,85.05,68,23,7.61,few clouds
336,Shache,CN,38.4167,77.2406,62.78,35,93,2.19,overcast clouds
337,Vila Franca Do Campo,PT,37.7167,-25.4333,61.21,84,6,7.96,clear sky
338,Clyde River,CA,70.4692,-68.5914,-12.77,84,0,3.44,clear sky
339,Vicuna,CL,-30.0319,-70.7081,67.57,48,0,1.05,clear sky
340,Nongan,CN,44.382,125.1685,53.29,24,100,13.65,overcast clouds
341,Kashi,CN,39.4547,75.9797,63.61,27,40,8.95,dust
342,Sattahip,TH,12.6664,100.9007,89.98,79,20,2.3,haze
343,Astana,KZ,51.1801,71.446,30.15,80,0,8.95,clear sky
344,Bonthe,SL,7.5264,-12.505,77.74,86,100,8.68,overcast clouds
345,Axim,GH,4.8699,-2.2405,79.95,82,61,7.18,broken clouds
346,Smidovich,RU,48.6,133.8167,38.48,65,100,12.48,overcast clouds
347,Haines Junction,CA,60.7522,-137.5108,37.35,20,16,4.61,few clouds
348,Jinxiang,CN,27.4327,120.6062,69.01,68,0,10.27,clear sky
349,Yako,BF,12.9667,-2.2667,88.25,8,100,5.88,overcast clouds
350,Luanda,AO,-8.8368,13.2343,77.0,88,40,4.61,scattered clouds
351,Disna,BY,55.568,28.1971,37.62,73,32,2.17,scattered clouds
352,San Policarpo,PH,12.1791,125.5072,79.32,80,74,6.53,broken clouds
353,Qaqortoq,GL,60.7167,-46.0333,37.18,62,100,4.7,overcast clouds
354,Valparai,IN,10.3667,76.9667,62.2,86,100,3.13,overcast clouds
355,Hami,CN,42.8,93.45,49.91,16,0,18.16,clear sky
356,Olafsvik,IS,64.8945,-23.7142,41.32,84,100,16.93,overcast clouds
357,Tsabong,BW,-26.0217,22.401,65.86,38,25,4.65,scattered clouds
358,Bansbaria,IN,22.9719,88.3994,82.29,74,5,14.58,clear sky
359,Paramonga,PE,-10.6667,-77.8333,66.92,83,100,9.1,overcast clouds
360,Jobner,IN,26.9667,75.3833,80.02,34,0,6.62,clear sky
361,Port Hedland,AU,-20.3167,118.5667,86.05,28,12,5.75,few clouds
362,Hohhot,CN,40.8106,111.6522,39.49,45,0,8.95,clear sky
363,Lao Cai,VN,22.4833,103.95,78.94,79,77,2.42,broken clouds
364,Gladstone,AU,-23.85,151.25,78.78,53,40,9.22,scattered clouds
365,Mangrol,IN,21.1167,70.1167,77.77,80,0,10.02,clear sky
366,Hobyo,SO,5.3505,48.5268,81.39,76,24,11.14,few clouds
367,Nouadhibou,MR,20.931,-17.0347,64.38,82,0,24.16,clear sky
368,Ejido,VE,8.5514,-71.2375,69.46,82,37,3.38,scattered clouds
369,Roald,NO,62.5833,6.1333,42.75,81,3,11.5,clear sky
370,Corn Island,NI,12.1694,-83.0418,81.25,77,8,17.54,clear sky
371,Chernyshkovskiy,RU,48.4219,42.2308,41.41,89,100,12.48,overcast clouds
372,Middelburg,ZA,-25.7751,29.4648,55.47,68,0,4.12,clear sky
373,Curuguaty,PY,-24.4694,-55.6945,69.64,85,6,6.93,clear sky
374,Quelimane,MZ,-17.8786,36.8883,78.75,94,20,6.91,few clouds
375,Port Lincoln,AU,-34.7333,135.8667,66.54,81,100,19.62,light rain
376,Liverpool,GB,53.4106,-2.9779,47.61,88,0,4.61,clear sky
377,Lambarene,GA,-0.7001,10.2406,74.32,96,100,2.37,overcast clouds
378,Buarcos,PT,40.166,-8.8768,55.74,93,100,9.73,overcast clouds
379,Goodyear,US,33.4353,-112.3582,76.93,6,0,14.97,clear sky
380,Ciorogarla,RO,44.4425,25.8833,48.7,70,0,0.0,clear sky
381,Kangaatsiaq,GL,68.3065,-53.4641,-0.4,97,100,10.63,overcast clouds
382,West Wendover,US,40.7391,-114.0733,42.01,33,100,9.22,overcast clouds
383,Repnoye,RU,51.5921,43.1861,49.05,91,100,13.53,overcast clouds
384,Meulaboh,ID,4.1363,96.1285,78.08,85,85,3.2,overcast clouds
385,Tabou,CI,4.423,-7.3528,76.66,88,100,7.43,overcast clouds
386,Selaphum,TH,16.0299,103.9383,89.01,52,98,8.05,overcast clouds
387,Caucaia,BR,-3.7361,-38.6531,82.35,74,40,6.91,scattered clouds
388,Strakonice,CZ,49.2614,13.9024,43.63,93,70,2.89,broken clouds
389,Nouakchott,MR,18.0858,-15.9785,69.73,77,0,15.35,clear sky
390,Lingao,CN,19.9103,109.6859,78.21,66,1,1.92,clear sky
391,The Valley,AI,18.217,-63.0578,78.66,74,20,19.93,few clouds
392,Mahon,ES,39.8885,4.2658,55.96,94,100,10.36,overcast clouds
393,Raudeberg,NO,61.9875,5.1352,38.95,87,13,7.9,few clouds
394,Oktyabrskoye,RU,43.0645,44.7417,35.74,93,32,13.42,scattered clouds
395,Araouane,ML,18.9048,-3.5265,84.22,10,100,12.57,overcast clouds
396,Barcelona,ES,41.3888,2.159,60.69,69,40,4.61,scattered clouds
397,Fairbanks,US,64.8378,-147.7164,44.24,31,100,1.01,overcast clouds
398,La Ronge,CA,55.1001,-105.2842,25.05,50,75,13.8,broken clouds
399,Mtimbira,TZ,-8.7833,36.35,69.67,98,100,1.34,light rain
400,Xinzhou,CN,38.4092,112.7333,52.45,18,100,7.63,overcast clouds
401,Berlevag,NO,70.8578,29.0864,21.0,86,90,5.39,overcast clouds
402,Otta,NO,61.7712,9.5353,32.16,98,100,1.77,overcast clouds
403,Naifaru,MV,5.4444,73.3657,83.35,75,72,10.09,broken clouds
404,Watertown,US,42.3709,-71.1828,64.69,65,0,10.36,clear sky
405,Nizhniy Tsasuchey,RU,50.5167,115.1333,39.99,34,5,8.72,clear sky
406,Ulaangom,MN,49.9811,92.0667,28.94,33,22,2.84,few clouds
407,Deputatskiy,RU,69.3,139.9,2.46,94,100,4.12,overcast clouds
408,Peterhead,GB,57.5058,-1.7981,43.2,92,41,13.31,scattered clouds
409,San Quintin,MX,30.4833,-115.95,61.9,57,4,17.9,clear sky
410,Balabac,PH,7.9868,117.0645,82.71,72,97,10.58,overcast clouds
411,Namibe,AO,-15.1961,12.1522,76.35,83,0,4.72,clear sky
412,Beringovskiy,RU,63.05,179.3167,31.41,99,100,11.25,snow
413,Scarborough,GB,54.2797,-0.4044,51.91,86,35,1.99,scattered clouds
414,Inhambane,MZ,-23.865,35.3833,75.78,91,42,10.4,scattered clouds
415,Bar Harbor,US,44.3876,-68.2039,45.46,83,100,0.0,moderate rain
416,Cockburn Town,TC,21.4612,-71.1419,76.96,78,75,11.5,broken clouds
417,East London,ZA,-33.0153,27.9116,68.04,89,100,7.27,overcast clouds
418,Marsh Harbour,BS,26.5412,-77.0636,75.18,73,100,18.57,overcast clouds
419,Esil,KZ,51.9556,66.4042,47.03,58,8,7.47,clear sky
420,Udachnyy,RU,66.4167,112.4,22.19,89,92,19.57,overcast clouds
421,Burriana,ES,39.889,-0.085,56.95,97,100,17.07,overcast clouds
422,Socorro,US,31.6546,-106.3033,73.18,4,20,20.71,few clouds
423,Wilmington,US,34.2257,-77.9447,70.0,73,85,1.99,overcast clouds
424,Zhigansk,RU,66.7697,123.3711,23.18,94,100,21.21,light snow
425,Harlingen,US,26.1906,-97.6961,91.36,60,0,14.97,clear sky
426,Guarapari,BR,-20.6667,-40.4975,78.89,92,85,7.36,overcast clouds
427,Tokur,RU,53.1333,132.9,22.57,74,99,2.77,overcast clouds
428,Point Pedro,LK,9.8167,80.2333,81.66,81,100,10.11,overcast clouds
429,Arrecife,ES,28.963,-13.5477,64.38,68,20,14.97,few clouds
430,Sitka,US,57.0531,-135.33,44.49,18,0,8.05,clear sky
431,Onufriyivka,UA,48.9072,33.4487,44.6,91,100,15.97,overcast clouds
432,Markova,UA,48.6758,24.4138,37.09,76,14,4.05,few clouds
433,Victoria,HK,22.2855,114.1577,79.95,74,0,5.01,clear sky
434,Marietta,US,33.9526,-84.5499,72.41,75,40,11.5,scattered clouds
435,Storslett,NO,69.7678,21.0247,28.4,74,100,12.66,overcast clouds
436,Zlynka,RU,52.4267,31.7378,39.61,92,10,10.6,clear sky
437,Bara,NG,10.3744,10.7288,84.79,48,99,7.27,overcast clouds
438,Pimentel,PE,-6.8367,-79.9342,67.42,84,53,14.92,broken clouds
439,Ballinrobe,IE,53.6333,-9.2333,52.21,93,100,5.88,overcast clouds
440,Imbituba,BR,-28.24,-48.6703,71.82,88,100,8.08,overcast clouds
441,Solnechnyy,RU,50.7214,136.6319,32.56,75,100,0.54,light snow
442,Batemans Bay,AU,-35.7167,150.1833,66.09,54,0,5.17,clear sky
443,Hurghada,EG,27.2574,33.8129,66.24,42,0,10.36,clear sky
444,Sarkikaraagac,TR,38.0794,31.3664,34.41,52,0,3.33,clear sky
445,Glarus,CH,47.0406,9.068,54.81,77,100,6.6,overcast clouds
446,Valdemarpils,LV,57.3707,22.5919,40.73,64,100,6.04,overcast clouds
447,Edd,ER,13.9297,41.6925,86.81,40,0,7.99,clear sky
448,Roma,US,43.2128,-75.4557,67.87,78,20,3.44,few clouds
449,General Pico,AR,-35.6566,-63.7568,53.64,57,0,6.22,clear sky
450,Lorengau,PG,-2.0226,147.2712,85.77,69,99,9.1,overcast clouds
451,Antofagasta,CL,-23.65,-70.4,60.53,84,43,3.87,scattered clouds
452,Kaeo,NZ,-35.1,173.7833,72.32,59,42,4.21,scattered clouds
453,Metro,ID,-5.1131,105.3067,79.95,79,99,3.69,overcast clouds
454,Mattru,SL,7.6244,-11.8332,76.64,91,100,1.39,overcast clouds
455,Kupang,ID,-10.1667,123.5833,83.41,70,100,3.69,overcast clouds
456,Monticello,US,45.3055,-93.7941,39.24,56,20,19.57,few clouds
457,Prince George,CA,53.9166,-122.753,38.25,28,0,11.5,clear sky
458,Cabo San Lucas,MX,22.8909,-109.9124,78.62,65,25,10.54,scattered clouds
459,Grande Prairie,CA,55.1667,-118.8027,24.98,39,75,12.66,broken clouds
460,Chicama,PE,-7.8447,-79.1469,63.14,77,100,7.23,overcast clouds
461,Tevriz,RU,57.509,72.4042,36.75,90,100,7.81,overcast clouds
462,Aksarka,RU,66.5606,67.7975,33.22,100,100,3.62,overcast clouds
463,Alice Town,BS,25.7167,-79.3,76.15,76,68,20.36,broken clouds
464,Korla,CN,41.7597,86.1469,57.49,26,9,1.72,clear sky
465,Tuy Hoa,VN,13.0833,109.3,80.46,83,100,3.02,overcast clouds
466,Kabare,CD,-2.4683,28.8242,61.03,92,90,0.72,light rain
467,Olinda,BR,-8.0089,-34.8553,82.13,69,0,4.61,clear sky
468,Kununurra,AU,-15.7667,128.7333,80.58,83,93,4.61,overcast clouds
469,Nome,US,64.5011,-165.4064,38.16,69,100,13.8,overcast clouds
470,Kagal,IN,16.5833,74.3167,75.27,81,100,7.36,overcast clouds
471,Freeport,US,40.6576,-73.5832,65.41,74,0,6.91,clear sky
472,Mitu,CO,1.1983,-70.1733,73.83,97,100,2.28,overcast clouds
473,Cooma,AU,-36.2333,149.1333,56.97,88,0,9.22,clear sky
474,Pizarro,CO,4.9533,-77.366,78.31,90,100,4.27,light rain
475,Mount Gambier,AU,-37.8333,140.7667,64.31,52,100,9.22,moderate rain
476,Locri,IT,38.2414,16.2623,50.67,78,100,4.72,overcast clouds
477,Ahipara,NZ,-35.1667,173.1667,66.9,53,81,12.37,broken clouds
478,Dunedin,NZ,-45.8742,170.5036,59.18,48,14,2.57,few clouds
479,Praia,CV,14.9215,-23.5087,69.19,81,7,13.13,clear sky
480,Yantal,RU,56.8471,105.2542,33.73,74,100,13.6,overcast clouds
481,Dalbandin,PK,28.8947,64.4101,70.5,11,0,0.89,clear sky
482,Alexandria,EG,31.2156,29.9553,57.16,72,0,5.75,clear sky
483,Najran,SA,17.4924,44.1277,74.05,36,0,4.63,clear sky
484,Sulejowek,PL,52.2522,21.269,48.88,69,98,6.85,overcast clouds
485,Ouanaminthe,HT,19.55,-71.7333,79.68,65,75,12.12,broken clouds
486,Pitimbu,BR,-7.4706,-34.8086,79.39,78,80,8.68,broken clouds
487,Bay Roberts,CA,47.5999,-53.2648,34.52,85,100,7.0,overcast clouds
488,Coleraine,GB,55.1333,-6.6667,47.95,94,100,7.09,overcast clouds
489,Svetlaya,RU,46.5389,138.3297,37.98,71,82,4.61,broken clouds
490,Necochea,AR,-38.5473,-58.7368,55.26,69,0,7.81,clear sky
491,Okha,RU,53.5739,142.9478,25.99,74,84,11.36,broken clouds
492,Auki,SB,-8.7676,160.7034,85.91,64,37,2.64,scattered clouds
493,Gizo,SB,-8.103,156.8419,84.96,65,21,3.91,few clouds
494,Ixtapa,MX,20.7,-105.2,76.23,86,8,5.01,clear sky
495,Nartan,RU,43.5108,43.6994,36.14,87,53,4.47,broken clouds
496,Illapel,CL,-31.6308,-71.1653,66.74,48,0,1.5,clear sky
497,Polyarnyy,RU,69.1989,33.4478,23.63,93,100,4.05,overcast clouds
498,Ashland,US,40.8167,-82.2665,64.36,90,84,13.67,broken clouds
499,Sarangani,PH,5.4033,125.4636,82.87,77,100,14.32,overcast clouds
500,Santa Rosa,PH,14.3122,121.1114,87.1,69,75,3.87,broken clouds
501,Arman,RU,59.7,150.1667,30.02,57,100,6.64,overcast clouds
502,Joensuu,FI,62.6012,29.7632,28.89,81,0,2.3,clear sky
503,Fayetteville,US,35.0527,-78.8784,79.32,51,0,9.22,clear sky
504,Letterkenny,IE,54.95,-7.7333,47.1,96,100,3.67,overcast clouds
505,Nicoya,CR,10.1483,-85.452,81.99,67,73,7.96,broken clouds
506,Banda Aceh,ID,5.5577,95.3222,82.2,76,100,5.28,overcast clouds
507,Cerritos,US,33.8583,-118.0648,73.98,34,0,14.97,clear sky
508,Tazovskiy,RU,67.4667,78.7,29.37,98,100,2.89,light snow
509,Paracuru,BR,-3.41,-39.0306,82.11,85,30,5.77,scattered clouds
510,Poddorye,RU,57.4695,31.1156,30.27,94,70,1.05,broken clouds
511,Palmerston,AU,-12.486,130.9833,86.94,76,0,6.91,clear sky
512,Santa Eulalia,PE,-11.85,-76.6833,55.22,73,68,2.01,broken clouds
513,Sarkand,KZ,45.41,79.9186,56.17,52,11,3.38,few clouds
514,Opuwo,NA,-18.0607,13.84,65.53,70,100,3.65,overcast clouds
515,Havre,FR,49.5833,0.3333,48.6,87,0,2.3,clear sky
516,Sinnamary,GF,5.3833,-52.95,76.78,87,93,12.53,overcast clouds
517,Adrar,MR,20.5022,-10.0711,71.51,25,0,10.13,clear sky
518,Never,FR,46.9896,3.159,49.75,94,100,3.2,overcast clouds
519,Florianopolis,BR,-27.6146,-48.5012,70.83,79,75,9.22,broken clouds
520,Haapiti,PF,-17.5667,-149.8667,79.72,71,23,19.1,light rain
521,Sayyan,YE,15.1718,44.3244,57.09,50,0,2.51,clear sky
522,Comodoro Rivadavia,AR,-45.8667,-67.5,64.26,45,0,4.61,clear sky
523,Zhezkazgan,KZ,47.8043,67.7144,44.58,76,0,11.18,clear sky
524,Herat,AF,34.5,62.0,63.7,18,0,1.63,clear sky
525,Itacare,BR,-14.2775,-38.9967,77.18,79,6,5.68,clear sky
526,Turukhansk,RU,65.8167,87.9833,32.07,99,100,6.91,snow
527,Santa Isabel Do Rio Negro,BR,-0.4139,-65.0192,77.36,86,100,2.91,light rain
528,Muromtsevo,RU,56.3724,75.2418,35.92,93,60,5.66,broken clouds
529,Linxia,CN,35.6003,103.2064,41.61,72,98,2.62,overcast clouds
530,Caruray,PH,10.3094,119.0128,82.4,78,83,7.38,broken clouds
531,San Jeronimo,PE,-11.9472,-75.2829,49.3,84,100,5.23,overcast clouds
532,Fernie,CA,49.5,-115.0687,29.08,55,100,6.49,overcast clouds
533,Beira,MZ,-19.8436,34.8389,78.89,89,20,8.05,few clouds
534,Khandbari,NP,27.3747,87.2039,71.06,65,0,1.86,clear sky
535,Miquelon,PM,47.0975,-56.3814,37.85,78,74,13.65,broken clouds
536,Abong Mbang,CM,3.9833,13.1833,69.01,94,100,2.53,light rain
537,Tezu,IN,27.9167,96.1667,66.56,98,100,5.35,overcast clouds
538,Beloha,MG,-25.1667,45.05,72.7,66,68,5.39,broken clouds
539,Dosso,NE,13.049,3.1937,88.14,35,64,10.8,broken clouds
540,Goderich,CA,43.7501,-81.7165,59.32,88,100,18.41,overcast clouds
541,La Palma,US,33.8464,-118.0467,74.01,34,0,14.97,clear sky
542,Tateyama,JP,34.9833,139.8667,58.1,83,100,17.63,overcast clouds
543,Casala-An,PH,9.1167,123.05,80.73,76,100,7.85,overcast clouds
544,Lisakovsk,KZ,52.5369,62.4936,50.29,82,40,8.81,scattered clouds
545,Singaparna,ID,-7.3515,108.111,77.97,77,80,1.66,broken clouds
546,Vigeland,NO,58.0844,7.305,42.94,81,100,9.6,overcast clouds
547,Leningradskiy,RU,69.3833,178.4167,6.28,91,90,14.38,overcast clouds
548,Corinto,GR,37.9407,22.9573,50.9,77,16,2.08,few clouds
549,Chato,TZ,-2.6378,31.7669,65.1,91,94,0.72,light rain
550,Nantucket,US,41.2835,-70.0995,55.45,82,75,14.97,broken clouds
551,Adre,TD,13.4667,22.2,80.15,11,17,14.79,few clouds
552,Dinar,TR,38.065,30.1656,35.56,49,0,3.94,clear sky
553,Abu Dhabi,AE,24.4667,54.3667,82.51,33,0,3.44,clear sky
554,Umm Kaddadah,SD,13.6017,26.6876,78.53,12,32,17.43,scattered clouds
555,Senneterre,CA,48.3835,-77.2328,35.89,94,99,4.7,overcast clouds
556,Okakarara,NA,-20.5833,17.4333,65.28,57,69,5.53,broken clouds
557,Poro,PH,10.6292,124.4087,81.37,73,100,5.1,overcast clouds
558,Yar-Sale,RU,66.8333,70.8333,33.33,100,100,6.38,overcast clouds
559,Qasigiannguit,GL,68.8193,-51.1922,0.66,99,100,6.29,overcast clouds
560,Mirpur Sakro,PK,24.5474,67.6277,77.07,77,0,11.68,clear sky
561,Sulangan,PH,11.1373,123.7228,81.46,74,100,5.82,overcast clouds
562,Vogan,TG,6.3333,1.5333,80.42,83,98,6.73,overcast clouds
563,Green River,US,41.5286,-109.4662,30.97,53,100,8.01,overcast clouds
564,Lumut,MY,4.2323,100.6298,77.02,88,20,1.14,few clouds
565,Itoman,JP,26.1247,127.6694,79.18,73,75,4.61,broken clouds
566,Richards Bay,ZA,-28.783,32.0377,68.34,81,2,6.22,clear sky
567,Camacha,PT,33.0833,-16.3333,58.42,72,40,5.75,scattered clouds
568,Paamiut,GL,61.994,-49.6678,27.52,90,100,20.89,overcast clouds
569,Kaniama,CD,-7.5667,24.1833,68.05,85,100,2.26,overcast clouds
570,Yulara,AU,-25.2406,130.9889,84.04,21,87,6.91,overcast clouds
571,Neiafu,TO,-18.65,-173.9833,84.88,74,40,4.61,scattered clouds
572,Goure,NE,13.9835,10.2704,82.83,11,99,5.55,overcast clouds
573,Batesville,US,35.7698,-91.641,53.24,81,40,9.22,scattered clouds
574,Zenzeli,RU,45.9241,47.0474,47.61,44,100,8.79,overcast clouds
575,Yulin,CN,22.6333,110.15,74.57,60,0,5.08,clear sky
576,Nikita,UA,44.5333,34.2333,37.35,87,100,10.11,overcast clouds
577,Krasnoye,UA,49.9145,24.6134,38.57,78,0,0.74,clear sky
578,Chumikan,RU,54.7183,135.315,27.57,79,94,14.34,overcast clouds
579,Colon,PA,9.3592,-79.9014,82.36,84,37,8.99,scattered clouds
580,Paeroa,NZ,-37.3667,175.6667,69.26,45,5,3.47,clear sky
581,Jumla,NP,29.2747,82.1838,50.27,67,3,4.16,clear sky
582,Karpathos,GR,35.507,27.2132,55.36,62,0,0.0,clear sky
583,Benguela,AO,-12.5763,13.4055,78.28,80,91,4.38,overcast clouds
584,Maturin,VE,9.75,-63.1767,77.41,72,6,10.6,clear sky
585,Catamarca,AR,-28.4696,-65.7852,66.58,81,12,5.93,few clouds
586,Gat,IL,31.61,34.7642,55.4,71,0,4.97,clear sky
587,Honningsvag,NO,70.9821,25.9704,31.75,74,77,5.75,broken clouds
588,Kapit,MY,2.0167,112.9333,79.25,88,70,1.43,broken clouds
589,Hokitika,NZ,-42.7167,170.9667,60.39,56,2,4.12,clear sky
590,Uman,UA,48.7484,30.2218,41.04,90,100,13.02,overcast clouds
591,Chistoye,RU,56.5375,43.0045,37.53,92,100,12.39,overcast clouds
592,Bage,BR,-31.3314,-54.1069,55.18,67,0,6.91,clear sky
593,Hambantota,LK,6.1241,81.1185,75.54,100,20,0.0,few clouds
594,Bukama,CD,-9.2,25.85,68.43,94,36,2.89,scattered clouds
595,Muros,ES,42.7762,-9.0603,47.84,92,100,4.76,overcast clouds
596,Araguaina,BR,-7.1911,-48.2072,73.92,92,83,3.6,light rain
597,Horsham,GB,51.064,-0.3272,51.51,90,0,0.0,clear sky
598,Orlik,RU,52.5178,99.825,6.66,86,40,2.42,scattered clouds
599,Sao Felix Do Xingu,BR,-6.6447,-51.995,73.02,97,38,1.52,scattered clouds
600,Maner,IN,25.65,84.8833,80.51,35,43,1.86,scattered clouds
601,Yerofey Pavlovich,RU,53.9667,121.9667,34.86,38,100,5.17,overcast clouds
602,Santa Cecilia,BR,-26.9608,-50.4269,56.57,99,60,1.41,broken clouds
603,Malibu,US,34.005,-118.8101,71.56,50,0,7.0,clear sky
604,Turbat,PK,26.0023,63.044,82.62,27,87,2.53,overcast clouds
605,Saint-Pierre,RE,-21.3393,55.4781,74.88,87,20,3.44,few clouds
606,Athabasca,CA,54.7169,-113.2854,27.01,59,100,10.89,overcast clouds
607,Kaohsiung,TW,22.6163,120.3133,82.35,73,40,8.05,scattered clouds
608,Thinadhoo,MV,0.5333,72.9333,83.64,68,30,9.8,scattered clouds
609,Jalu,LY,29.0331,21.5482,64.76,25,87,13.47,overcast clouds
610,Pueblo Nuevo,MX,23.3833,-105.3833,62.89,32,47,4.59,scattered clouds
611,Mackay,AU,-21.15,149.2,85.68,65,92,14.97,overcast clouds
612,Pangai,TO,-19.8,-174.35,84.31,70,20,6.91,few clouds
613,Xudat,AZ,41.631,48.681,43.54,91,20,6.78,few clouds
614,Noyabrsk,RU,63.1994,75.4507,29.05,87,74,10.71,broken clouds
615,Gobabis,NA,-22.45,18.9667,67.14,27,68,4.38,broken clouds
616,Shimoda,JP,34.6667,138.95,57.56,82,99,19.64,overcast clouds
617,Avera,US,33.194,-82.5271,71.65,67,100,6.82,overcast clouds
618,Minab,IR,27.1467,57.0801,81.7,37,63,2.19,broken clouds
619,Pacifica,US,37.6138,-122.4869,58.21,70,75,18.41,broken clouds
620,Hillsborough,US,37.5741,-122.3794,58.86,64,75,18.41,broken clouds
621,Batagay,RU,67.6333,134.6333,16.9,85,100,1.95,overcast clouds
622,Katima Mulilo,NA,-17.5,24.2667,67.89,72,100,3.38,light rain
623,Dong Hoi,VN,17.4833,106.6,77.59,86,75,0.6,broken clouds
624,Mayumba,GA,-3.432,10.6554,76.62,92,100,1.1,overcast clouds
625,Kawalu,ID,-7.3817,108.2082,78.71,78,71,1.36,broken clouds
626,Borger,NL,52.9233,6.7931,52.79,90,100,5.93,overcast clouds
627,Honavar,IN,14.2833,74.45,79.79,86,100,4.45,overcast clouds
628,Cayenne,GF,4.9333,-52.3333,81.09,1,75,6.91,broken clouds
629,Andenes,NO,69.3143,16.1194,31.93,93,75,5.75,broken clouds
630,Emba,KZ,48.8264,58.1442,57.99,55,96,17.83,overcast clouds
631,Aleksandrovskoye,RU,44.7142,43.0008,41.36,90,100,11.39,overcast clouds
632,Omboue,GA,-1.5746,9.2618,77.13,93,100,1.74,overcast clouds
633,Tessalit,ML,20.1986,1.0114,79.99,7,0,3.27,clear sky
634,Mackenzie,CA,55.2999,-123.1698,26.82,43,40,12.66,scattered clouds
635,Nekrasovka,RU,48.3525,135.2325,42.82,48,0,13.42,clear sky
636,Khandyga,RU,62.6667,135.6,24.78,87,93,3.87,overcast clouds
637,Acapulco,MX,16.8634,-99.8901,79.63,77,96,8.57,overcast clouds
638,Srednekolymsk,RU,67.45,153.6833,5.18,86,99,9.13,overcast clouds
639,Kvitok,RU,56.0724,98.4813,33.66,71,88,3.69,overcast clouds
640,Jutai,BR,-5.1833,-68.9,74.62,98,100,1.99,overcast clouds
641,Umm Lajj,SA,25.0213,37.2685,73.08,67,98,10.25,overcast clouds
642,Careiro Da Varzea,BR,-3.2003,-59.8119,81.21,94,100,2.71,overcast clouds
643,Sabzevar,IR,36.2126,57.6819,70.88,20,40,9.22,scattered clouds
644,Poronaysk,RU,49.2167,143.1167,32.29,64,12,2.39,few clouds
645,Burgersdorp,ZA,-30.9977,26.3286,56.01,69,38,4.38,scattered clouds
646,Nhulunbuy,AU,-12.2333,136.7667,88.41,70,75,12.66,broken clouds
647,Gamba,GA,-2.65,10.0,76.98,90,100,1.83,overcast clouds
648,Gotha,DE,50.9482,10.7019,56.14,73,0,9.22,clear sky
649,Mindelo,CV,16.8901,-24.9804,68.31,78,12,17.43,few clouds
650,Valentin Gomez Farias,MX,28.2167,-106.5833,74.34,10,53,13.33,broken clouds
651,Yatou,CN,37.15,122.3833,53.62,60,78,9.08,light rain
652,Iona,US,26.5204,-81.964,79.03,79,100,1.99,overcast clouds
653,Alice Springs,AU,-23.7,133.8833,85.55,23,0,6.91,clear sky
654,Omsukchan,RU,62.5333,155.8,12.38,84,100,7.9,overcast clouds
655,Kingsport,US,36.5484,-82.5618,73.26,80,4,6.78,clear sky
656,West Bay,KY,19.3667,-81.4167,82.47,79,20,9.22,few clouds
657,Igarka,RU,67.4667,86.5833,31.68,93,100,10.02,overcast clouds
658,Baherden,TM,38.4362,57.4316,70.97,41,98,11.07,overcast clouds
659,Sokolo,ML,14.7328,-6.1219,91.76,13,99,7.29,overcast clouds
660,Puri,IN,19.8,85.85,81.12,85,14,23.87,few clouds
661,Bemidji,US,47.4736,-94.8803,33.06,76,75,13.8,broken clouds
662,Rabo De Peixe,PT,37.8,-25.5833,60.31,77,20,11.5,few clouds
663,Trujillo,PE,-8.116,-79.03,64.36,82,40,8.05,fog
664,Velizh,RU,55.6056,31.1967,34.43,88,100,3.87,overcast clouds
665,Lethem,GY,3.3803,-59.7968,80.35,69,97,14.12,overcast clouds
666,Cabra,ES,37.4725,-4.4421,50.9,79,1,2.98,clear sky
667,Amga,RU,60.8953,131.9608,30.27,77,100,5.46,overcast clouds
668,Miri,MY,4.4148,114.0089,80.74,89,20,4.61,few clouds
669,Chinchani,IN,19.8667,72.7,80.24,76,89,1.66,overcast clouds
670,Novoagansk,RU,61.9449,76.6625,31.39,94,50,6.38,scattered clouds
671,Lakhimpur,IN,27.95,80.7667,80.73,15,0,4.83,clear sky
672,Barranca,PE,-10.75,-77.7667,66.65,81,100,8.75,overcast clouds
673,Longyan,CN,25.1072,117.0225,67.42,80,92,4.34,overcast clouds
674,Tempio Pausania,IT,40.8974,9.1035,41.92,85,76,6.06,broken clouds
675,Road Town,VG,18.4167,-64.6167,78.84,69,40,12.66,scattered clouds
676,Vanavara,RU,60.34,102.2797,32.85,84,100,14.2,overcast clouds
677,Lakeland Highlands,US,27.9597,-81.9501,78.03,73,100,7.0,overcast clouds
678,Akyab,MM,20.15,92.9,82.8,74,28,6.22,scattered clouds
679,Alyangula,AU,-13.8483,136.4192,87.67,70,40,4.61,scattered clouds
680,Mulchen,CL,-37.7167,-72.2333,53.13,62,0,4.92,clear sky
681,Sechelt,CA,49.4664,-123.7694,48.81,67,48,5.1,scattered clouds
682,Kombissiri,BF,12.0656,-1.3375,89.58,36,86,15.05,overcast clouds
683,Terney,RU,45.0503,136.6092,42.12,57,74,2.75,broken clouds
684,Zomin,UZ,39.9606,68.3958,58.8,70,0,1.52,clear sky
685,Shingu,JP,33.7333,135.9833,70.9,74,21,6.69,few clouds
686,Margate,GB,51.3813,1.3862,50.7,84,0,1.99,clear sky
687,Buluang,PH,13.3068,123.3425,83.8,72,87,3.83,overcast clouds
688,Olga,RU,43.7444,135.2892,48.07,42,100,3.31,overcast clouds
689,Nuuk,GL,64.1835,-51.7216,25.88,92,81,15.99,broken clouds
690,Melilla,ES,35.2937,-2.9383,62.98,67,0,17.27,clear sky
691,Dingle,PH,10.9995,122.6711,81.36,75,100,2.89,overcast clouds
692,Tucuman,AR,-26.8241,-65.2226,62.6,88,100,2.3,overcast clouds
693,Copalau,RO,47.6167,26.8333,49.96,58,100,10.47,overcast clouds
694,Bumba,CD,2.1833,22.4667,71.56,97,100,3.09,overcast clouds
695,Erzin,TR,36.9559,36.2,46.17,39,0,4.7,clear sky
696,San Ramon De La Nueva Oran,AR,-23.1322,-64.326,66.42,96,100,3.06,overcast clouds
